{"ner_weight": 0.5104910731315613, "epoch": 1, "_timestamp": 1688075858.922518, "_runtime": 753.0683629512787, "_step": 23}