{"ner_weight": 0.5155230760574341, "epoch": 4, "_timestamp": 1688118511.9405801, "_runtime": 43406.086425065994, "_step": 358, "train_loss": 0.15595084261385478, "dev_loss": 0.07842037232077714}